Designator,Mid X,Mid Y,Rotation,Layer
C10,137.7925,-119.4025,0.0,top
C11,72.2275,-122.9425,0.0,top
C12,101.2166,-115.2725,0.0,top
C13,132.73,-114.525,90.0,bottom
C14,133.927017,-126.312983,225.0,top
C15,58.2525,-122.8125,270.0,top
C16,87.2416,-115.141409,270.0,top
C17,136.4625,-113.2725,180.0,top
C18,63.6825,-120.8525,0.0,top
C19,92.6716,-113.181409,0.0,top
C2,88.2316,-126.4825,90.0,top
C20,53.2725,-117.8275,90.0,top
C21,85.4216,-116.8975,270.0,top
C22,59.092499,-134.1725,180.0,top
C23,59.1325,-127.2525,90.0,top
C24,76.0925,-130.3025,270.0,top
C26,138.6925,-115.4125,270.0,top
C27,56.3625,-120.4575,270.0,top
C28,85.3516,-112.786409,270.0,top
C29,58.53,-116.08,180.0,top
C3,131.9725,-117.7175,270.0,top
C30,87.5116,-108.531409,180.0,top
C31,65.5125,-120.8725,0.0,top
C32,94.5016,-113.201409,0.0,top
C33,64.2325,-119.4725,90.0,top
C34,93.2216,-111.801409,90.0,top
C35,136.43,-110.02,90.0,top
C39,140.6075,-131.735,180.0,top
C4,109.3116,-127.2625,90.0,top
C40,64.7225,-118.0625,180.0,top
C41,93.7116,-110.391409,180.0,top
C42,68.4625,-111.6175,270.0,top
C43,97.6616,-104.0075,270.0,top
C44,148.6125,-82.7925,180.0,top
C45,145.5525,-83.6725,0.0,top
C46,138.57,-105.27,0.0,top
C47,160.71,-110.3,90.0,top
C5,105.0816,-122.6075,270.0,top
C52,166.65,-95.4,270.0,top
C53,163.8725,-85.9225,90.0,top
C54,165.5125,-98.5625,0.0,top
C55,140.0025,-100.1625,180.0,top
C56,155.1325,-109.2025,270.0,top
C57,162.8525,-108.4425,270.0,top
C58,141.79,-106.78,270.0,top
C59,140.0125,-95.1625,180.0,top
C6,160.9125,-113.5375,90.0,top
C60,147.8025,-84.0125,0.0,top
C61,154.673089,-83.741911,45.0,top
C66,140.81,-106.78,270.0,top
C67,165.12,-94.63,270.0,top
C68,163.8325,-108.4425,270.0,top
C69,140.6025,-89.3225,270.0,top
C7,160.9125,-120.2125,90.0,top
C70,158.3725,-84.0925,180.0,top
C71,149.6225,-109.2025,270.0,top
C72,169.55,-136.6875,270.0,top
C73,169.6,-129.9375,270.0,top
C74,169.515,-116.3225,270.0,top
C75,169.57,-123.0975,270.0,top
C76,170.1125,-97.4675,90.0,top
C77,172.32,-89.9175,270.0,top
C78,172.32625,-103.35875,270.0,top
C79,172.32625,-110.11375,270.0,top
C8,161.06,-133.8375,90.0,top
C80,177.43,-41.6525,90.0,top
C81,177.48,-48.4525,90.0,top
C82,177.3675,-61.8625,90.0,top
C83,177.5,-55.1475,90.0,top
C84,153.685,-64.9875,270.0,top
C85,153.785,-58.1375,270.0,top
C86,153.805,-44.5875,270.0,top
C87,153.76,-51.3725,270.0,top
C9,161.0125,-126.9975,90.0,top
D1,158.7125,-113.5375,270.0,top
D2,158.7125,-120.2375,270.0,top
D21,116.217371,-112.342764,90.0,top
D22,141.007629,-72.042236,270.0,top
D23,123.7625,-72.0375,270.0,top
D24,106.5525,-72.0475,270.0,top
D25,124.087371,-112.152764,90.0,top
D26,132.407629,-71.982236,270.0,top
D27,115.1325,-72.0375,270.0,top
D28,97.8625,-71.9875,270.0,top
D29,89.1725,-71.9875,270.0,top
D3,158.71,-133.8375,270.0,top
D30,71.9325,-72.0025,270.0,top
D31,80.5625,-72.0625,270.0,top
D32,63.2325,-72.0525,270.0,top
D33,171.7,-136.6625,90.0,top
D34,171.7,-129.8625,90.0,top
D35,171.665,-116.2975,90.0,top
D36,171.67,-123.0225,90.0,top
D37,174.62,-96.6175,90.0,top
D38,174.62,-89.8675,90.0,top
D39,174.62625,-103.35875,90.0,top
D4,158.7625,-126.9975,270.0,top
D40,174.62625,-110.11375,90.0,top
D41,175.18,-41.6775,270.0,top
D42,175.18,-48.4275,270.0,top
D43,175.1675,-61.9125,270.0,top
D44,175.2,-55.1975,270.0,top
D45,156.035,-64.9625,90.0,top
D46,156.085,-58.1625,90.0,top
D47,156.055,-44.6125,90.0,top
D48,156.06,-51.3725,90.0,top
D49,113.39,-56.77,90.0,top
D50,72.59,-56.77,90.0,top
D51,92.99,-56.77,90.0,top
D52,133.59,-56.77,90.0,top
F1,82.2216,-135.0525,90.0,top
F2,64.0325,-104.4225,0.0,top
F3,85.1816,-104.4225,0.0,top
F4,49.59,-86.67,180.0,top
J1,122.2866,-128.1425,270.0,top
J11,137.6525,-137.2975,0.0,top
J16,55.09,-46.965,180.0,top
J2,153.4625,-114.7125,0.0,top
J26,116.05,-46.965,180.0,top
J27,136.37,-46.965,180.0,top
J28,117.537371,-100.237764,270.0,top
J29,117.457371,-106.442764,0.0,top
J3,153.4625,-121.4625,0.0,top
J30,137.697629,-84.012236,90.0,top
J31,137.757629,-77.892236,180.0,top
J32,120.4025,-84.0175,90.0,top
J33,120.5225,-77.8975,180.0,top
J34,103.1525,-84.0175,90.0,top
J35,103.2325,-77.9175,180.0,top
J36,126.187371,-100.237764,270.0,top
J37,126.087371,-106.392764,0.0,top
J38,129.047629,-84.012236,90.0,top
J39,129.157629,-77.832236,180.0,top
J4,153.46,-135.0125,0.0,top
J40,111.7725,-84.0175,90.0,top
J41,111.8775,-77.9025,180.0,top
J42,94.5025,-84.0175,90.0,top
J43,94.5525,-77.8075,180.0,top
J44,85.8625,-84.0175,90.0,top
J45,85.9225,-77.8175,180.0,top
J46,68.5825,-84.0075,90.0,top
J47,68.6825,-77.8525,180.0,top
J48,77.2125,-84.0175,90.0,top
J49,77.3225,-77.8275,180.0,top
J5,153.4625,-128.2475,0.0,top
J50,59.9325,-84.0075,90.0,top
J51,60.0075,-77.8225,180.0,top
J52,176.96,-134.9725,0.0,top
J53,176.96,-128.2225,0.0,top
J54,176.925,-114.7175,0.0,top
J55,176.92,-121.4725,0.0,top
J56,179.89,-95.4575,180.0,top
J57,179.87,-88.6925,180.0,top
J58,179.89625,-102.20875,180.0,top
J59,179.89625,-108.96375,180.0,top
J6,136.9825,-122.0525,270.0,top
J60,169.7525,-43.4825,180.0,top
J61,169.7525,-50.2525,180.0,top
J62,169.7525,-63.7625,180.0,top
J63,169.7625,-57.0025,180.0,top
J64,161.3125,-63.7725,180.0,top
J65,161.3175,-57.0125,180.0,top
J66,161.3325,-43.4625,180.0,top
J67,161.3425,-50.2225,180.0,top
J68,75.41,-46.965,180.0,top
J69,95.7225,-46.9775,180.0,top
L1,68.4125,-131.4525,90.0,top
L2,97.4016,-123.7825,90.0,top
L3,143.3025,-115.8268,90.0,top
L4,77.2116,-115.3525,0.0,top
L5,106.2016,-107.6825,0.0,top
R1,160.05,-116.3375,0.0,top
R10,164.78,-122.925,270.0,top
R100,135.482629,-69.877236,270.0,top
R101,137.832629,-69.042236,180.0,top
R102,118.1875,-69.8225,270.0,top
R103,120.5125,-69.0375,180.0,top
R104,101.0275,-69.8325,270.0,top
R105,103.3775,-69.0475,180.0,top
R106,129.277371,-112.657764,270.0,top
R107,127.187371,-115.162764,0.0,top
R108,126.882629,-69.792236,270.0,top
R109,129.207629,-68.982236,180.0,top
R11,61.8025,-123.2725,180.0,top
R110,109.5325,-69.8475,270.0,top
R111,111.8825,-69.0375,180.0,top
R112,92.2875,-69.7725,270.0,top
R113,94.6625,-68.9875,180.0,top
R114,83.6225,-69.8225,270.0,top
R115,85.9725,-69.0375,180.0,top
R116,66.5075,-69.7875,270.0,top
R117,68.8575,-68.9525,180.0,top
R118,75.0625,-69.8225,270.0,top
R119,77.3875,-69.0125,180.0,top
R12,61.7625,-122.2825,0.0,top
R120,60.1275,-67.445,180.0,top
R121,60.1075,-69.0025,180.0,top
R122,170.3625,-133.8625,180.0,top
R123,170.3375,-126.3125,180.0,top
R124,164.7125,-137.21,270.0,top
R125,165.7625,-137.1625,270.0,top
R126,163.6625,-137.225,90.0,top
R127,167.2325,-136.7225,180.0,top
R128,170.32,-113.5425,180.0,top
R129,170.3325,-120.2225,180.0,top
R13,90.7916,-115.601409,180.0,top
R130,164.6375,-127.345,90.0,top
R131,165.6875,-127.345,90.0,top
R132,163.5875,-127.35,270.0,top
R133,166.7625,-127.345,270.0,top
R134,173.27,-93.7675,180.0,top
R135,174.4625,-85.09,90.0,top
R136,168.54375,-101.07875,90.0,top
R137,167.54375,-101.08875,90.0,top
R138,169.54375,-101.02875,270.0,top
R139,166.54375,-101.07875,270.0,top
R14,90.7516,-114.611409,0.0,top
R140,173.27625,-100.50875,180.0,top
R141,173.28875,-107.26375,180.0,top
R142,168.59375,-110.85875,270.0,top
R143,167.59375,-110.86875,270.0,top
R144,169.59375,-110.85875,90.0,top
R145,166.59375,-110.87875,90.0,top
R146,176.53,-44.5275,0.0,top
R147,176.555,-52.0275,0.0,top
R148,182.1425,-41.195,90.0,top
R149,181.1425,-41.195,90.0,top
R15,166.78,-112.975,270.0,top
R150,183.1425,-41.175,270.0,top
R151,180.1425,-41.175,270.0,top
R152,176.505,-64.7625,0.0,top
R153,176.5375,-58.0475,0.0,top
R154,182.1925,-50.975,270.0,top
R155,181.1925,-50.985,270.0,top
R156,183.1925,-50.965,90.0,top
R157,180.1925,-50.975,90.0,top
R158,154.6975,-62.0625,180.0,top
R159,154.7475,-55.3125,180.0,top
R16,163.78,-113.015,270.0,top
R160,149.36,-56.475,270.0,top
R161,150.36,-56.475,270.0,top
R162,148.36,-56.525,90.0,top
R163,151.36,-56.475,90.0,top
R164,154.7175,-41.0125,180.0,top
R165,154.8425,-47.8925,180.0,top
R166,149.46,-46.655,90.0,top
R167,150.46,-46.645,90.0,top
R168,148.46,-46.635,270.0,top
R169,151.46,-46.645,270.0,top
R17,166.78,-122.925,90.0,top
R18,163.78,-122.925,90.0,top
R19,59.2475,-122.791409,270.0,top
R2,160.05,-124.0625,0.0,top
R20,88.2366,-115.121409,270.0,top
R21,134.0225,-112.8025,90.0,top
R22,63.6725,-121.7925,180.0,top
R23,92.6625,-114.1225,180.0,top
R24,63.3025,-116.6425,90.0,top
R25,61.8425,-116.191409,0.0,top
R26,92.2891,-108.966409,90.0,top
R27,90.8316,-108.521409,0.0,top
R28,168.8825,-83.0725,0.0,top
R29,168.835,-88.9625,0.0,top
R3,160.06,-136.7375,0.0,top
R30,146.915,-75.6925,0.0,top
R4,160.1125,-129.8475,0.0,top
R40,136.4425,-112.2725,0.0,top
R41,135.0225,-112.7925,270.0,top
R42,55.9875,-117.8925,0.0,top
R43,84.9741,-110.221409,0.0,top
R44,65.1825,-119.461409,270.0,top
R45,94.1716,-111.791409,270.0,top
R46,63.1025,-118.961409,270.0,top
R47,92.0916,-111.291409,270.0,top
R5,75.2125,-126.3025,270.0,top
R52,134.8875,-131.56,180.0,top
R53,140.6025,-130.11,0.0,top
R54,64.2425,-116.6425,90.0,top
R55,93.2291,-108.966409,90.0,top
R6,104.2016,-118.6575,90.0,top
R60,65.1825,-116.6425,90.0,top
R61,94.1691,-108.966409,90.0,top
R7,165.78,-113.025,90.0,top
R8,164.78,-113.025,90.0,top
R80,113.46,-60.45,180.0,top
R81,113.45,-59.25,180.0,top
R82,158.3525,-110.3675,270.0,top
R83,156.8525,-110.3675,270.0,top
R84,72.59,-60.37,180.0,top
R85,72.59,-59.17,180.0,top
R86,92.99,-60.37,180.0,top
R87,92.99,-59.17,180.0,top
R88,133.7,-60.37,180.0,top
R89,133.66,-59.17,180.0,top
R9,165.78,-122.925,270.0,top
R90,115.89,-46.97,0.0,bottom
R91,75.165,-46.945,180.0,bottom
R92,95.465,-46.92,0.0,bottom
R93,135.79,-47.02,0.0,bottom
R94,64.8525,-46.8925,0.0,bottom
R98,121.152371,-116.822764,180.0,top
R99,119.342371,-115.147764,0.0,top
SW1,148.6525,-79.4825,270.0,top
SW2,168.88,-86.03125,0.0,top
U1,165.28,-117.9625,180.0,top
U10,96.2316,-108.5425,0.0,top
U11,137.7525,-129.31,270.0,top
U14,152.8825,-96.43,180.0,top
U16,111.38,-58.36,180.0,top
U17,131.73,-58.36,180.0,top
U18,119.987371,-113.957764,180.0,top
U19,137.187629,-70.232236,0.0,top
U2,135.9825,-116.312501,270.0,top
U20,119.8925,-70.2275,0.0,top
U21,102.7325,-70.2375,0.0,top
U22,127.897371,-113.942764,180.0,top
U23,128.587629,-70.172236,0.0,top
U24,111.2625,-70.2275,0.0,top
U25,94.0425,-70.1775,0.0,top
U26,85.3025,-70.2125,0.0,top
U27,68.1625,-70.2275,0.0,top
U28,76.7425,-70.2025,0.0,top
U29,59.4625,-70.1925,0.0,top
U30,165.2125,-132.275,0.0,top
U31,168.04375,-105.96875,180.0,top
U32,181.6425,-46.065,180.0,top
U33,149.91,-51.575,0.0,top
U34,70.7125,-58.3675,180.0,top
U35,91.0325,-58.3575,180.0,top
U4,60.2425,-119.2425,180.0,top
U5,89.2325,-111.5725,180.0,top
U7,67.2425,-120.2375,0.0,top
U8,67.2425,-116.2125,0.0,top
U9,96.228666,-112.573962,0.0,top
